caminho_relativo;nome;extensao;tamanho_bytes;modificado_em;codificacao;separador;n_colunas;n_linhas_dados;smartlab;problema_leitura;sha256
artigos-fonte/Costa et al. - O trabalho em saúde.pdf;Costa et al. - O trabalho em saúde.pdf;.pdf;1921967;2026-07-18T10:27:41;;;;;NAO — nenhum arquivo SmartLab presente (etapa excluída por decisão metodológica);;c0ce8bb5e337ee972acad1cd24eb356317f307a6044dbbff6ca0353e68051ee3
artigos-fonte/Lemos - ESTRATIFICAÇÃO SOCIAL NA TEORIA DE MAX WEBER CONSIDERAÇÕES EM TORNO DO TEMA.pdf;Lemos - ESTRATIFICAÇÃO SOCIAL NA TEORIA DE MAX WEBER CONSIDERAÇÕES EM TORNO DO TEMA.pdf;.pdf;750309;2026-07-18T10:22:03;;;;;NAO — nenhum arquivo SmartLab presente (etapa excluída por decisão metodológica);;e9eda3dd787b0858942672398c4f2ee3433e21628b8afa026c2cc256cdcc5a23
artigos-fonte/Lourenço - 2012 - O fim do fim do trabalho.pdf;Lourenço - 2012 - O fim do fim do trabalho.pdf;.pdf;1281333;2026-07-18T10:22:32;;;;;NAO — nenhum arquivo SmartLab presente (etapa excluída por decisão metodológica);;0e0824f252ca037c26447d0dcf9982d4597608462883bf6e1a72aebed415b5c2
artigos-fonte/Oliveira - 2004 - TRANSFORMAÇÕES NO MUNDO DO TRABALHO, DA REVOLUÇÃO INDUSTRIAL AOS NOSSOS DIAS.pdf;Oliveira - 2004 - TRANSFORMAÇÕES NO MUNDO DO TRABALHO, DA REVOLUÇÃO INDUSTRIAL AOS NOSSOS DIAS.pdf;.pdf;268722;2026-07-18T10:22:20;;;;;NAO — nenhum arquivo SmartLab presente (etapa excluída por decisão metodológica);;2483661b3fd2d68e28a124c7655b02ef37460c3443a94526337e8842f4fe5287
artigos-fonte/README.md;README.md;.md;491;2026-07-18T12:07:39;;;;;NAO — nenhum arquivo SmartLab presente (etapa excluída por decisão metodológica);;f13911094c95b6122d440aed8f7ee5484457a4b3e1bbc87eeda92d8a71b8099a
artigos-fonte/ricardo antunes.pdf;ricardo antunes.pdf;.pdf;2099451;2026-07-18T10:13:17;;;;;NAO — nenhum arquivo SmartLab presente (etapa excluída por decisão metodológica);;ad2d3a460f704a1dce6c2640cffea08befa0983f2632453f0bd3f165fe4ff306
cat-inss/D.SDA.PDA.005.CAT.202101.csv;D.SDA.PDA.005.CAT.202101.csv;.csv;61565812;2026-07-18T10:51:56;latin-1;";";24;105240;NAO — nenhum arquivo SmartLab presente (etapa excluída por decisão metodológica);;255b4ed696363c6859ad15ecb17c55bc9f7d15c0ba76428d63ae2fe57c682892
cat-inss/D.SDA.PDA.005.CAT.202104.csv;D.SDA.PDA.005.CAT.202104.csv;.csv;69055567;2026-07-18T10:51:56;latin-1;";";24;118043;NAO — nenhum arquivo SmartLab presente (etapa excluída por decisão metodológica);;c05423e3efd69bc6404c8688b2ab4366aea33f5b184c78948d3c93a972552f80
cat-inss/D.SDA.PDA.005.CAT.202107.csv;D.SDA.PDA.005.CAT.202107.csv;.csv;68623252;2026-07-18T10:51:59;latin-1;";";24;117304;NAO — nenhum arquivo SmartLab presente (etapa excluída por decisão metodológica);;adc7ee2ea3d89699b19565ec60808f9eb0ad230a897fe2c2ac301039dab9cbd7
cat-inss/D.SDA.PDA.005.CAT.202110.csv;D.SDA.PDA.005.CAT.202110.csv;.csv;55935187;2026-07-18T10:51:55;latin-1;";";24;95615;NAO — nenhum arquivo SmartLab presente (etapa excluída por decisão metodológica);;4cacf37084377a3aead21b9294bacec408f3089a1d546ad724f9aa2e6583a497
cat-inss/D.SDA.PDA.005.CAT.202201.csv;D.SDA.PDA.005.CAT.202201.csv;.csv;89002312;2026-07-18T10:51:57;latin-1;";";24;152140;NAO — nenhum arquivo SmartLab presente (etapa excluída por decisão metodológica);;122c514841978baac2e405ee21c1b476e6c61fa41bc4fb7b01b401eb87571914
cat-inss/D.SDA.PDA.005.CAT.202204.csv;D.SDA.PDA.005.CAT.202204.csv;.csv;52417582;2026-07-18T10:51:54;latin-1;";";24;89602;NAO — nenhum arquivo SmartLab presente (etapa excluída por decisão metodológica);;01995c1474c9c63585b0b28f86ce669f76c3c88ebd3c0405e8cbcdc0c2a004c2
cat-inss/D.SDA.PDA.005.CAT.202207.csv;D.SDA.PDA.005.CAT.202207.csv;.csv;101406652;2026-07-18T10:51:59;latin-1;";";24;173344;NAO — nenhum arquivo SmartLab presente (etapa excluída por decisão metodológica);;a018adcc2ad5bc1ba6b128265842498866096f16c9f3d702ac710d725647e561
cat-inss/D.SDA.PDA.005.CAT.202208.csv;D.SDA.PDA.005.CAT.202208.csv;.csv;72213982;2026-07-18T10:51:56;latin-1;";";24;123442;NAO — nenhum arquivo SmartLab presente (etapa excluída por decisão metodológica);;09fb6e430d0511bce654e6ba7c3f06f8c71dc2e7385ddeea0aa5947da25a9b8a
cat-inss/D.SDA.PDA.005.CAT.202209.csv;D.SDA.PDA.005.CAT.202209.csv;.csv;41093737;2026-07-18T10:51:52;latin-1;";";24;70245;NAO — nenhum arquivo SmartLab presente (etapa excluída por decisão metodológica);;cc248702e0055911047deb7d08f403da71f8114a8eb3bf272f2e73f52b28ea7b
cat-inss/D.SDA.PDA.005.CAT.202210.csv;D.SDA.PDA.005.CAT.202210.csv;.csv;15223867;2026-07-18T10:51:48;latin-1;";";24;26023;NAO — nenhum arquivo SmartLab presente (etapa excluída por decisão metodológica);;ebf1d455c59b340aec4334f9fd73d480c873f8a8186c5cb2fb01601e4e7403be
cat-inss/D.SDA.PDA.005.CAT.202211.csv;D.SDA.PDA.005.CAT.202211.csv;.csv;2990932;2026-07-18T10:51:49;latin-1;";";24;5112;NAO — nenhum arquivo SmartLab presente (etapa excluída por decisão metodológica);;5465493efa36c250bba476150abeffca3075da5f50db138b33b4fcf3610d1fab
cat-inss/D.SDA.PDA.005.CAT.202212.csv;D.SDA.PDA.005.CAT.202212.csv;.csv;14895097;2026-07-18T10:51:50;latin-1;";";24;25461;NAO — nenhum arquivo SmartLab presente (etapa excluída por decisão metodológica);;78b565204e06bcd7bcd8767e573987e57f18ae102b50ceb19f1062277f985e02
cat-inss/D.SDA.PDA.005.CAT.202301.csv;D.SDA.PDA.005.CAT.202301.csv;.csv;12077737;2026-07-18T10:51:49;latin-1;";";24;20645;NAO — nenhum arquivo SmartLab presente (etapa excluída por decisão metodológica);;fbb51fc1915faeb7e9e53f8c6fcdb77ae58903a5bc9fdd1b461c4a9affeb0700
cat-inss/D.SDA.PDA.005.CAT.202302.csv;D.SDA.PDA.005.CAT.202302.csv;.csv;26992897;2026-07-18T10:51:52;latin-1;";";24;46141;NAO — nenhum arquivo SmartLab presente (etapa excluída por decisão metodológica);;65c7329bd11cb3de821d0bc243f59fd97193cce4f5c4b416c7ff77aaffae5ad0
cat-inss/D.SDA.PDA.005.CAT.202303.csv;D.SDA.PDA.005.CAT.202303.csv;.csv;31208407;2026-07-18T10:51:54;latin-1;";";24;53347;NAO — nenhum arquivo SmartLab presente (etapa excluída por decisão metodológica);;3987dc2ad28b30212900987c495c0dc9d4d820eaabc9b504b37bf5c52d74aa15
cat-inss/D.SDA.PDA.005.CAT.202304.csv;D.SDA.PDA.005.CAT.202304.csv;.csv;27494827;2026-07-18T10:51:51;latin-1;";";24;46999;NAO — nenhum arquivo SmartLab presente (etapa excluída por decisão metodológica);;bb17dc96b17c9762f73ef284f1ed38899551ccb5a0755f713ead62f63828f259
cat-inss/D.SDA.PDA.005.CAT.202305.csv;D.SDA.PDA.005.CAT.202305.csv;.csv;33637327;2026-07-18T10:51:51;latin-1;";";24;57499;NAO — nenhum arquivo SmartLab presente (etapa excluída por decisão metodológica);;080c49db292e255c59e20fdcefa3d429e5fe53b5d35986ffb523eb76f09f25ae
cat-inss/D.SDA.PDA.005.CAT.202306.csv;D.SDA.PDA.005.CAT.202306.csv;.csv;21713921;2026-07-18T10:51:48;latin-1;";";24;52831;NAO — nenhum arquivo SmartLab presente (etapa excluída por decisão metodológica);;cdf00d05c7b26ecbdda1855dfb10bc87915ebf50f9db9bf9db0443a63faaf451
cat-inss/D.SDA.PDA.005.CAT.202307.csv;D.SDA.PDA.005.CAT.202307.csv;.csv;23131871;2026-07-18T10:51:50;latin-1;";";24;56281;NAO — nenhum arquivo SmartLab presente (etapa excluída por decisão metodológica);;6d07a6a242fe87c838814ea01dfe0b626cd8a6cee7d853a6aeb9bcf2256e03e6
cat-inss/D.SDA.PDA.005.CAT.202308.csv;D.SDA.PDA.005.CAT.202308.csv;.csv;24498446;2026-07-18T10:51:56;latin-1;";";24;59606;NAO — nenhum arquivo SmartLab presente (etapa excluída por decisão metodológica);;02084087f47c085884efa172052acc5cabc34a712f23853a3aeccccc3840c329
cat-inss/D.SDA.PDA.005.CAT.202309.csv;D.SDA.PDA.005.CAT.202309.csv;.csv;23437244;2026-07-18T10:51:50;latin-1;";";24;57024;NAO — nenhum arquivo SmartLab presente (etapa excluída por decisão metodológica);;2d0fdd65b87692b09b4df25474f6e55c43a4aaf8877f56b138382250d953814c
cat-inss/D.SDA.PDA.005.CAT.202310.csv;D.SDA.PDA.005.CAT.202310.csv;.csv;23614385;2026-07-18T10:51:49;latin-1;";";24;57455;NAO — nenhum arquivo SmartLab presente (etapa excluída por decisão metodológica);;ee3e94834b85d9708581350fcfcd4a07b8eeb75ec48f113cce947da71ef99cb7
cat-inss/D.SDA.PDA.005.CAT.202311.csv;D.SDA.PDA.005.CAT.202311.csv;.csv;22878462;2026-07-18T10:51:51;latin-1;";";27;49952;NAO — nenhum arquivo SmartLab presente (etapa excluída por decisão metodológica);;cd8baf942f1fe02e7a3f8e9c52643448be9ee39b7d2b3aba02e85e945dd6ac11
cat-inss/D.SDA.PDA.005.CAT.202312.csv;D.SDA.PDA.005.CAT.202312.csv;.csv;21089056;2026-07-18T10:51:51;latin-1;";";27;46045;NAO — nenhum arquivo SmartLab presente (etapa excluída por decisão metodológica);;d2ff4997e77e3ddccec2d50e2a9c271133b86cbee7c0830c6cecf3a4ef8af0ba
cat-inss/D.SDA.PDA.005.CAT.202401.csv;D.SDA.PDA.005.CAT.202401.csv;.csv;20271984;2026-07-18T10:51:48;latin-1;";";27;44261;NAO — nenhum arquivo SmartLab presente (etapa excluída por decisão metodológica);;727e14a5aeab44ecec435264e79faadf8404a39b4246b2a82ac6dc0717fcf156
cat-inss/D.SDA.PDA.005.CAT.202402.csv;D.SDA.PDA.005.CAT.202402.csv;.csv;23996898;2026-07-18T10:51:52;latin-1;";";27;52394;NAO — nenhum arquivo SmartLab presente (etapa excluída por decisão metodológica);;e0bf3b388c429a1edce1fe08be1cb9fe7d822d73a94f76ea57bae1c83baab065
cat-inss/D.SDA.PDA.005.CAT.202403.csv;D.SDA.PDA.005.CAT.202403.csv;.csv;25293954;2026-07-18T10:51:50;latin-1;";";27;55226;NAO — nenhum arquivo SmartLab presente (etapa excluída por decisão metodológica);;ab02d076a189dc3bb60ad96a68af6a795df62a0e4e1585757067422bc7e92d90
cat-inss/D.SDA.PDA.005.CAT.202404.csv;D.SDA.PDA.005.CAT.202404.csv;.csv;54496492;2026-07-18T10:51:53;latin-1;";";27;118987;NAO — nenhum arquivo SmartLab presente (etapa excluída por decisão metodológica);;352ae2f9e81532580ef48b930561bbe70881eef3b4c6f76fe31308c42efc2679
cat-inss/D.SDA.PDA.005.CAT.202405.csv;D.SDA.PDA.005.CAT.202405.csv;.csv;26559866;2026-07-18T10:51:50;latin-1;";";27;57990;NAO — nenhum arquivo SmartLab presente (etapa excluída por decisão metodológica);;e3066845bb8c99e45f345e09d05377136525fcf34601140433c72dac4d6655d5
cat-inss/D.SDA.PDA.005.CAT.202406.csv;D.SDA.PDA.005.CAT.202406.csv;.csv;23826980;2026-07-18T10:51:48;latin-1;";";27;52023;NAO — nenhum arquivo SmartLab presente (etapa excluída por decisão metodológica);;e0dd9a9a4aec43dbffad84c1f5c8e669ba4e90ed267fd12c46c5521c7849154c
cat-inss/D.SDA.PDA.005.CAT.202407.csv;D.SDA.PDA.005.CAT.202407.csv;.csv;29298248;2026-07-18T10:51:50;latin-1;";";27;63969;NAO — nenhum arquivo SmartLab presente (etapa excluída por decisão metodológica);;56777c7002fae1238c16f9a8f2fac15eb90f2c2693c7c6a3063c554a3c02bb59
cat-inss/D.SDA.PDA.005.CAT.202408.csv;D.SDA.PDA.005.CAT.202408.csv;.csv;16700958;2026-07-18T10:51:48;latin-1;";";27;36464;NAO — nenhum arquivo SmartLab presente (etapa excluída por decisão metodológica);;a5558904130a7b9370ec88fdeb966ef59de544cf682fadd60a17461ba3aec9d5
cat-inss/D.SDA.PDA.005.CAT.202409.csv;D.SDA.PDA.005.CAT.202409.csv;.csv;1548028;2026-07-18T10:51:48;latin-1;";";27;3379;NAO — nenhum arquivo SmartLab presente (etapa excluída por decisão metodológica);;35f6044b3ede35a446eb0c1a503070479f39ed14438d3e64bba79c8b8f272e8d
cat-inss/D.SDA.PDA.005.CAT.202410.csv;D.SDA.PDA.005.CAT.202410.csv;.csv;3416668;2026-07-18T10:51:48;latin-1;";";27;7459;NAO — nenhum arquivo SmartLab presente (etapa excluída por decisão metodológica);;a6f13a67a4659c039f721d6f15d993c0c4dc38162352a28e7685b533ea2d7ea9
cat-inss/D.SDA.PDA.005.CAT.202411.csv;D.SDA.PDA.005.CAT.202411.csv;.csv;3704750;2026-07-18T10:51:48;latin-1;";";27;8088;NAO — nenhum arquivo SmartLab presente (etapa excluída por decisão metodológica);;cc3f76738c0a5b4298bf00c94f61fe80751166547ab91893d18affb189c22019
cat-inss/D.SDA.PDA.005.CAT.202412.csv;D.SDA.PDA.005.CAT.202412.csv;.csv;4457244;2026-07-18T10:51:48;latin-1;";";27;9731;NAO — nenhum arquivo SmartLab presente (etapa excluída por decisão metodológica);;a4915d2a260a23a0df91e973e3c8dc78886a4d7011a68381fc3503633cf12c77
cat-inss/D.SDA.PDA.005.CAT.202501.csv;D.SDA.PDA.005.CAT.202501.csv;.csv;3332854;2026-07-18T10:51:49;latin-1;";";27;7276;NAO — nenhum arquivo SmartLab presente (etapa excluída por decisão metodológica);;756e81aef8f7b207c54efd4673e6adf6764e73f53dbec4513433b90b793f1ab0
cat-inss/D.SDA.PDA.005.CAT.202502.csv;D.SDA.PDA.005.CAT.202502.csv;.csv;4082600;2026-07-18T10:51:48;latin-1;";";27;8913;NAO — nenhum arquivo SmartLab presente (etapa excluída por decisão metodológica);;da0c4575891e4e7639b13f28ad5cf3251a18ed749fc34670618d578fbb991d7c
cat-inss/D.SDA.PDA.005.CAT.202503.csv;D.SDA.PDA.005.CAT.202503.csv;.csv;7706296;2026-07-18T10:51:48;latin-1;";";27;16825;NAO — nenhum arquivo SmartLab presente (etapa excluída por decisão metodológica);;73ffaacbe0804b064e207d8b0727025668205934266491669abe0fa1c8faf73b
cat-inss/D.SDA.PDA.005.CAT.202504.csv;D.SDA.PDA.005.CAT.202504.csv;.csv;8368564;2026-07-18T10:51:51;latin-1;";";27;18271;NAO — nenhum arquivo SmartLab presente (etapa excluída por decisão metodológica);;15ad830e42d282fdb172c836390bd4946412e988711c0bf1bb7e50c5e549e463
cat-inss/D.SDA.PDA.005.CAT.202505.csv;D.SDA.PDA.005.CAT.202505.csv;.csv;9417842;2026-07-18T10:51:48;latin-1;";";27;20562;NAO — nenhum arquivo SmartLab presente (etapa excluída por decisão metodológica);;2fc8f30e00e8a130524fdc12180a57a9b28fba25fee70e3e9b319d3b99e88aba
cat-inss/D.SDA.PDA.005.CAT.202506.csv;D.SDA.PDA.005.CAT.202506.csv;.csv;98353656;2026-07-18T10:51:58;latin-1;";";27;214745;NAO — nenhum arquivo SmartLab presente (etapa excluída por decisão metodológica);;6f2b052aa4695e20f27bda434a64c28a13994d34bbab3f6cbe8507a2ea60d440
cat-inss/D.SDA.PDA.005.CAT.202507.csv;D.SDA.PDA.005.CAT.202507.csv;.csv;30470270;2026-07-18T10:51:49;latin-1;";";27;66528;NAO — nenhum arquivo SmartLab presente (etapa excluída por decisão metodológica);;8a57bbf67e1850e17bb3dae9aaf484ee3b2d9bca8cf5833876ea4fc45b1f6fe0
cat-inss/D.SDA.PDA.005.CAT.202508.csv;D.SDA.PDA.005.CAT.202508.csv;.csv;33381776;2026-07-18T10:51:50;latin-1;";";27;72885;NAO — nenhum arquivo SmartLab presente (etapa excluída por decisão metodológica);;1ac84ad8ba0be562d58eabd91ff5c11ea3e4e2c2e6965793adae8c488df6415a
cat-inss/D.SDA.PDA.005.CAT.202509.csv;D.SDA.PDA.005.CAT.202509.csv;.csv;32739660;2026-07-18T10:51:49;latin-1;";";27;71483;NAO — nenhum arquivo SmartLab presente (etapa excluída por decisão metodológica);;bf61efee05c50d5bdf06b24858805edd1174ab7312f5d92ae09ab13f3fd68ba7
cat-inss/D.SDA.PDA.005.CAT.202510.csv;D.SDA.PDA.005.CAT.202510.csv;.csv;37512478;2026-07-18T10:51:51;latin-1;";";27;81904;NAO — nenhum arquivo SmartLab presente (etapa excluída por decisão metodológica);;8ed76239eb5a4a589c8ef75c32e22da25e82171d8faed7b3b2ff98aab9fb4fc7
cat-inss/D.SDA.PDA.005.CAT.202511.csv;D.SDA.PDA.005.CAT.202511.csv;.csv;94336;2026-07-18T10:51:48;latin-1;";";27;205;NAO — nenhum arquivo SmartLab presente (etapa excluída por decisão metodológica);;265f0cbfd07bde1b719768176f0cbda2e8c92cce0b51b145d9189fbef8e2388e
cat-inss/D.SDA.PDA.005.CAT.202512.csv;D.SDA.PDA.005.CAT.202512.csv;.csv;58154;2026-07-18T10:51:48;latin-1;";";27;126;NAO — nenhum arquivo SmartLab presente (etapa excluída por decisão metodológica);;d4081f2a97adaad47959fc7b5658ae6223591096513bfc14b6d7f3ac49e56575
cat-inss/README.md;README.md;.md;859;2026-07-18T12:07:39;;;;;NAO — nenhum arquivo SmartLab presente (etapa excluída por decisão metodológica);;8277458d1d65437356ae3863c629b9979077e2771a8b6525a272e48bf9b6fb2a
cat-inss/cat-comp-outnovdez-2018.csv;cat-comp-outnovdez-2018.csv;.csv;49237435;2026-07-18T10:51:54;latin-1;";";25;119218;NAO — nenhum arquivo SmartLab presente (etapa excluída por decisão metodológica);;ca46cfb64483e4ac7cee76cc34a0afcf465d70675edc3c8d31e114b662750c9b
cat-inss/cat-comp01-02-03-2020.csv;cat-comp01-02-03-2020.csv;.csv;33562433;2026-07-18T10:51:49;latin-1;";";25;81264;NAO — nenhum arquivo SmartLab presente (etapa excluída por decisão metodológica);;dcc605f3b546d1d3aeac6a32b5b9e4c7d6332d787699189ebba959ff872ebd44
cat-inss/cat-comp04-05-06-2019.csv;cat-comp04-05-06-2019.csv;.csv;50729604;2026-07-18T10:51:53;latin-1;";";25;122831;NAO — nenhum arquivo SmartLab presente (etapa excluída por decisão metodológica);;a922b07fe97e3401932a33137c733e2a76f45431f1308b6453674af6c6692ef9
cat-inss/cat-comp07-08-09-2019.csv;cat-comp07-08-09-2019.csv;.csv;52676899;2026-07-18T10:51:54;latin-1;";";25;127546;NAO — nenhum arquivo SmartLab presente (etapa excluída por decisão metodológica);;96e4843591badc27ce59f725d6cdef5f4dd6b12a88a47938385ebb8af5795150
cat-inss/cat-comp10-11-12-2019.csv;cat-comp10-11-12-2019.csv;.csv;46848230;2026-07-18T10:51:53;latin-1;";";25;113433;NAO — nenhum arquivo SmartLab presente (etapa excluída por decisão metodológica);;9a82134ee829f7c208b49d3c581cddad79cbb010c5a18c866fac621056921d91
cat-inss/cat-comp10-11-12-2020.csv;cat-comp10-11-12-2020.csv;.csv;49102769;2026-07-18T10:51:57;utf-8-sig;";";25;116945;NAO — nenhum arquivo SmartLab presente (etapa excluída por decisão metodológica);;ad8007f61be5f5e2fa0729c90c66919a3d88ae5c88e86892e484f627678e21c6
cat-inss/cat-competencia-04-05-06-2020.csv;cat-competencia-04-05-06-2020.csv;.csv;31802351;2026-07-18T10:51:55;utf-8-sig;";";25;75743;NAO — nenhum arquivo SmartLab presente (etapa excluída por decisão metodológica);;c1a07d5e6367171971a99435c0f5c2abbd1a5ae56b368964a2bd27c969874cee
cat-inss/cat-competencia-07-08-09-2020.csv;cat-competencia-07-08-09-2020.csv;.csv;49311679;2026-07-18T10:51:58;utf-8-sig;";";25;117439;NAO — nenhum arquivo SmartLab presente (etapa excluída por decisão metodológica);;a41f98b7876d62da412cca2abbfca422e91072f18f54e33d63a22af2c04482d5
cat-inss/cat-jul-ago-set-2018.csv;cat-jul-ago-set-2018.csv;.csv;50388185;2026-07-18T10:51:52;latin-1;";";25;122598;NAO — nenhum arquivo SmartLab presente (etapa excluída por decisão metodológica);;8eb335e714ef5104065f87cbd080def2708153385a277517d7d6eb7cd815fd69
cat-inss/cat2018-comp01-02-03-2019.csv;cat2018-comp01-02-03-2019.csv;.csv;45759975;2026-07-18T10:51:55;latin-1;";";25;110798;NAO — nenhum arquivo SmartLab presente (etapa excluída por decisão metodológica);;e75d2c2303fc99823a37ce160e2533b3e340878c835f66898c2cc5d6512a5207
cnes/cnes_rh_campos_201812_controle.prn;cnes_rh_campos_201812_controle.prn;.prn;94;2026-07-18T12:49:42;;;;;NAO — nenhum arquivo SmartLab presente (etapa excluída por decisão metodológica);;4c0d1b879fc06b37bf06d7276535bb3f82fa5645a38466d7f6c8db9d14ca3b95
cnes/cnes_rh_campos_201812_ocupacoes.prn;cnes_rh_campos_201812_ocupacoes.prn;.prn;9163;2026-07-18T12:49:42;;;;;NAO — nenhum arquivo SmartLab presente (etapa excluída por decisão metodológica);;ac05fc95dd76b127cf8ba9bdaa3d2f15a4d891f952267eb3fe31c96952553f08
cnes/cnes_rh_campos_201912_controle.prn;cnes_rh_campos_201912_controle.prn;.prn;96;2026-07-18T12:49:45;;;;;NAO — nenhum arquivo SmartLab presente (etapa excluída por decisão metodológica);;c38fc35fd9fd6ca97199e9dfbceace4ecbd26a843fb59b99658cf081c165e9bb
cnes/cnes_rh_campos_201912_ocupacoes.prn;cnes_rh_campos_201912_ocupacoes.prn;.prn;9362;2026-07-18T12:49:45;;;;;NAO — nenhum arquivo SmartLab presente (etapa excluída por decisão metodológica);;cb7eae4eeba23c58c7da44649b02831a9f3769f3c368282d6073702cc11158c2
cnes/cnes_rh_campos_202012_controle.prn;cnes_rh_campos_202012_controle.prn;.prn;96;2026-07-18T12:49:47;;;;;NAO — nenhum arquivo SmartLab presente (etapa excluída por decisão metodológica);;fef47a416db03d7ec1fa3044a5e35a50a62f6905cf461fdc2a054a1a0dd8eacf
cnes/cnes_rh_campos_202012_ocupacoes.prn;cnes_rh_campos_202012_ocupacoes.prn;.prn;9380;2026-07-18T12:49:47;;;;;NAO — nenhum arquivo SmartLab presente (etapa excluída por decisão metodológica);;cdde48725cf7a901956d7d0d935f58cb50b47e6231836b044073642317fb93c1
cnes/cnes_rh_campos_202112_controle.prn;cnes_rh_campos_202112_controle.prn;.prn;96;2026-07-18T12:49:50;;;;;NAO — nenhum arquivo SmartLab presente (etapa excluída por decisão metodológica);;9a7f9a865eebd07e5a0c3aedd2904e15357a67047b6e839ed75b8d5888edd727
cnes/cnes_rh_campos_202112_ocupacoes.prn;cnes_rh_campos_202112_ocupacoes.prn;.prn;9350;2026-07-18T12:49:50;;;;;NAO — nenhum arquivo SmartLab presente (etapa excluída por decisão metodológica);;c1a9433110bc66afba0244e3674f85c1c44ec646fb662f841344bbc7968496b7
cnes/cnes_rh_campos_202212_controle.prn;cnes_rh_campos_202212_controle.prn;.prn;96;2026-07-18T12:49:53;;;;;NAO — nenhum arquivo SmartLab presente (etapa excluída por decisão metodológica);;be035256cfff6dbdd26d6f598b11b8fa75c1f85b1ba63a99b7611ade1d9ce34f
cnes/cnes_rh_campos_202212_ocupacoes.prn;cnes_rh_campos_202212_ocupacoes.prn;.prn;9289;2026-07-18T12:49:53;;;;;NAO — nenhum arquivo SmartLab presente (etapa excluída por decisão metodológica);;c1b50a71d56552ce485a226775920bcaad81007ec7f1d6f3cf39638f44135da7
cnes/cnes_rh_campos_202312_controle.prn;cnes_rh_campos_202312_controle.prn;.prn;96;2026-07-18T12:49:56;;;;;NAO — nenhum arquivo SmartLab presente (etapa excluída por decisão metodológica);;d59421800ede66c705e71a05caceec7832448d8f2ffda60716204b77b2259b93
cnes/cnes_rh_campos_202312_ocupacoes.prn;cnes_rh_campos_202312_ocupacoes.prn;.prn;9462;2026-07-18T12:49:56;;;;;NAO — nenhum arquivo SmartLab presente (etapa excluída por decisão metodológica);;39d849014be6d12aa453cd4ea44e2357d829253da70df3e852632cc3a413772b
cnes/cnes_rh_campos_202412_controle.prn;cnes_rh_campos_202412_controle.prn;.prn;96;2026-07-18T12:49:59;;;;;NAO — nenhum arquivo SmartLab presente (etapa excluída por decisão metodológica);;81d70c99d84469231e71fc1199442da73c6351bcae9db62c70208103c0f5b51e
cnes/cnes_rh_campos_202412_ocupacoes.prn;cnes_rh_campos_202412_ocupacoes.prn;.prn;9476;2026-07-18T12:49:59;;;;;NAO — nenhum arquivo SmartLab presente (etapa excluída por decisão metodológica);;91e3fa734da03c3585e08fd50f36739a4d91ebc4c879e40c5e0fbcf07a14cb69
cnes/cnes_rh_campos_202512_controle.prn;cnes_rh_campos_202512_controle.prn;.prn;96;2026-07-18T12:50:02;;;;;NAO — nenhum arquivo SmartLab presente (etapa excluída por decisão metodológica);;f5adebbe24f9e5c55f66e61737c85d45d9985fdcc52c8d8ac84fc59a71a9b0f6
cnes/cnes_rh_campos_202512_ocupacoes.prn;cnes_rh_campos_202512_ocupacoes.prn;.prn;10116;2026-07-18T12:50:02;;;;;NAO — nenhum arquivo SmartLab presente (etapa excluída por decisão metodológica);;a23838c5709a6027fdb080a99dbdecb314d19e3b41950160eb391edbaff8f899
ibge/Cadastro Central de Empresas - Campos dos Goytacazes.csv;Cadastro Central de Empresas - Campos dos Goytacazes.csv;.csv;6715;2026-07-18T20:03:18;utf-8;";";4;115;NAO — nenhum arquivo SmartLab presente (etapa excluída por decisão metodológica);;389d2d19dc290df74646c194a999741c36147554fd82223477e8b3600af5a25e
ibge/Finanças públicas - Campos dos Goytacazes.csv;Finanças públicas - Campos dos Goytacazes.csv;.csv;4847;2026-07-18T20:03:42;utf-8;";";15;34;NAO — nenhum arquivo SmartLab presente (etapa excluída por decisão metodológica);;b9971e225c9768f42b1b3b01eef62e6cd7b58f5c703ecd65fd41999534a6ed52
rais/RAIS_2018_MG_ES_RJ.7z.part;RAIS_2018_MG_ES_RJ.7z.part;.part;554485187;2026-07-18T19:04:27;;;;;NAO — nenhum arquivo SmartLab presente (etapa excluída por decisão metodológica);;ead23e232693d13ef6b1a907fb7213e73d6d0b605770a7807d9c583afd5bd098
rais/RAIS_2018_MG_ES_RJ_test;RAIS_2018_MG_ES_RJ_test;;0;2026-07-18T17:15:11;;;;;NAO — nenhum arquivo SmartLab presente (etapa excluída por decisão metodológica);;e3b0c44298fc1c149afbf4c8996fb92427ae41e4649b934ca495991b7852b855
rais/RAIS_2019_MG_ES_RJ.7z.part;RAIS_2019_MG_ES_RJ.7z.part;.part;101354656;2026-07-18T19:07:33;;;;;NAO — nenhum arquivo SmartLab presente (etapa excluída por decisão metodológica);;bb5c916af801fbb15cca890ba69f7f792e23f28884db08a17ab84ba155db2710
rais/RAIS_2019_MG_ES_RJ_test;RAIS_2019_MG_ES_RJ_test;;0;2026-07-18T17:26:24;;;;;NAO — nenhum arquivo SmartLab presente (etapa excluída por decisão metodológica);;e3b0c44298fc1c149afbf4c8996fb92427ae41e4649b934ca495991b7852b855
rais/RAIS_2020_MG_ES_RJ.7z.part;RAIS_2020_MG_ES_RJ.7z.part;.part;33423360;2026-07-18T19:09:43;;;;;NAO — nenhum arquivo SmartLab presente (etapa excluída por decisão metodológica);;a5517297b99ceeae6011aaf28221fa5c22a119ee3c896f5d8d6bee10c34783e1
rais/RAIS_2020_MG_ES_RJ_test;RAIS_2020_MG_ES_RJ_test;;0;2026-07-18T17:37:40;;;;;NAO — nenhum arquivo SmartLab presente (etapa excluída por decisão metodológica);;e3b0c44298fc1c149afbf4c8996fb92427ae41e4649b934ca495991b7852b855
rais/RAIS_2021_MG_ES_RJ.7z.part;RAIS_2021_MG_ES_RJ.7z.part;.part;104460080;2026-07-18T19:19:22;;;;;NAO — nenhum arquivo SmartLab presente (etapa excluída por decisão metodológica);;f9867c7caa58dee82a41755ed3a297e70b3dcd59c95657251da99cce1e11d534
rais/RAIS_2021_MG_ES_RJ_test;RAIS_2021_MG_ES_RJ_test;;0;2026-07-18T17:48:24;;;;;NAO — nenhum arquivo SmartLab presente (etapa excluída por decisão metodológica);;e3b0c44298fc1c149afbf4c8996fb92427ae41e4649b934ca495991b7852b855
rais/RAIS_2022_MG_ES_RJ_test;RAIS_2022_MG_ES_RJ_test;;0;2026-07-18T18:02:13;;;;;NAO — nenhum arquivo SmartLab presente (etapa excluída por decisão metodológica);;e3b0c44298fc1c149afbf4c8996fb92427ae41e4649b934ca495991b7852b855
rais/RAIS_2023_MG_ES_RJ.7z;RAIS_2023_MG_ES_RJ.7z;.7z;715072048;2026-07-18T17:05:58;;;;;NAO — nenhum arquivo SmartLab presente (etapa excluída por decisão metodológica);;159827a4172adb81ecc9e40d25a55222bf4a1946d1e245fafe265a2ba9fbbc88
rais/RAIS_2024_MG_ES_RJ.7z.part;RAIS_2024_MG_ES_RJ.7z.part;.part;747149815;2026-07-18T19:30:56;;;;;NAO — nenhum arquivo SmartLab presente (etapa excluída por decisão metodológica);;15d59d8eab7766875a75daf2ba657f072811b3805a5d23371f19bb2f814207cc
rais/RAIS_2024_MG_ES_RJ_test;RAIS_2024_MG_ES_RJ_test;;0;2026-07-18T18:14:54;;;;;NAO — nenhum arquivo SmartLab presente (etapa excluída por decisão metodológica);;e3b0c44298fc1c149afbf4c8996fb92427ae41e4649b934ca495991b7852b855
rais/RAIS_2025_MG_ES_RJ.7z;RAIS_2025_MG_ES_RJ.7z;.7z;766814132;2026-07-18T18:32:43;;;;;NAO — nenhum arquivo SmartLab presente (etapa excluída por decisão metodológica);;d9c4e359fa16c6a1f929f49c8aec0201a9fbfb801964dc2e27032914924f1f15
rais/RAIS_2025_MG_ES_RJ_test;RAIS_2025_MG_ES_RJ_test;;0;2026-07-18T18:32:43;;;;;NAO — nenhum arquivo SmartLab presente (etapa excluída por decisão metodológica);;e3b0c44298fc1c149afbf4c8996fb92427ae41e4649b934ca495991b7852b855
sidra-campos/abastecimento_agua_censo_2022.csv;abastecimento_agua_censo_2022.csv;.csv;8324;2026-07-18T10:52:16;utf-8;,;15;66;NAO — nenhum arquivo SmartLab presente (etapa excluída por decisão metodológica);;2b7e08d88986044d6f009f343e0aa6daf9a96a806dc14c2af6ab01b226a6444e
sidra-campos/estimativas_populacionais.csv;estimativas_populacionais.csv;.csv;2511;2026-07-18T10:52:16;utf-8;,;11;21;NAO — nenhum arquivo SmartLab presente (etapa excluída por decisão metodológica);;5afc076b1e5dc706c67e638f55e886abdd9ce936df7d91c9e5351256b7131963
sidra-campos/extracao_vegetal_silvicultura.csv;extracao_vegetal_silvicultura.csv;.csv;623186;2026-07-18T10:52:16;utf-8;,;13;4212;NAO — nenhum arquivo SmartLab presente (etapa excluída por decisão metodológica);;850916e770700dc47a550d276cd79ef2d6ed8e3e370db412eb225a1652598e2a
sidra-campos/instrucao_censo_2022.csv;instrucao_censo_2022.csv;.csv;186970;2026-07-18T10:52:16;utf-8;,;17;1080;NAO — nenhum arquivo SmartLab presente (etapa excluída por decisão metodológica);;f0188a358c2f27e8bb556d6d8045c2582b55bad440554818564150ba17a7d746
sidra-campos/log_download_sidra.csv;log_download_sidra.csv;.csv;1456;2026-07-18T10:52:16;utf-8;,;7;21;NAO — nenhum arquivo SmartLab presente (etapa excluída por decisão metodológica);;d65519852238bbc7edcaab243c7f0e81bba614f3bad3df3b33e44d2f36e6c71e
sidra-campos/pecuaria_municipal_rebanhos.csv;pecuaria_municipal_rebanhos.csv;.csv;60721;2026-07-18T10:52:16;utf-8;,;13;510;NAO — nenhum arquivo SmartLab presente (etapa excluída por decisão metodológica);;22994a871228f36b3ecca31cddc245cdc4827ab16b582e3e42210f53124021c7
sidra-campos/pib_municipal.csv;pib_municipal.csv;.csv;254111;2026-07-18T10:52:16;utf-8;,;11;1012;NAO — nenhum arquivo SmartLab presente (etapa excluída por decisão metodológica);;7b40e39980c1988723d07ff43230d5ad95a4877599b6cc2f751829a4475310c1
sidra-campos/populacao_area_densidade_censo_2022.csv;populacao_area_densidade_censo_2022.csv;.csv;517;2026-07-18T10:52:16;utf-8;,;11;3;NAO — nenhum arquivo SmartLab presente (etapa excluída por decisão metodológica);;698f5ac06f8895efbf0ee5828bdd4ea7ff266ef34694d389c2dc6688c7a2b22a
sidra-campos/populacao_cor_raca_censo_2022.csv;populacao_cor_raca_censo_2022.csv;.csv;324684;2026-07-18T10:52:16;utf-8;,;17;2412;NAO — nenhum arquivo SmartLab presente (etapa excluída por decisão metodológica);;e2aac8250bf6929855b09a7b1b26d473a4da205a602033a94d59860d519c371c
sidra-campos/populacao_por_sexo_idade_2022.csv;populacao_por_sexo_idade_2022.csv;.csv;171961;2026-07-18T10:52:16;utf-8;,;17;1206;NAO — nenhum arquivo SmartLab presente (etapa excluída por decisão metodológica);;e1335944983b43cf652a8430670842d9fbcbd7018e95c56db06c23b9661e9446
sidra-campos/populacao_residente_censo_2022.csv;populacao_residente_censo_2022.csv;.csv;863;2026-07-18T10:52:16;utf-8;,;13;6;NAO — nenhum arquivo SmartLab presente (etapa excluída por decisão metodológica);;ea7bb2d875b0d8ee78c6c14d63a3c2cd1515e8e3f7df27251d9673b0a1235126
sidra-campos/populacao_residente_taxa_crescimento.csv;populacao_residente_taxa_crescimento.csv;.csv;511;2026-07-18T10:52:16;utf-8;,;11;3;NAO — nenhum arquivo SmartLab presente (etapa excluída por decisão metodológica);;9b051cae6c9b3e7ad3e584bea62fd9a48dd11384a6ee1b9bccdbbbe035043290
sidra-campos/producao_agricola_lavoura_permanente.csv;producao_agricola_lavoura_permanente.csv;.csv;1236616;2026-07-18T10:52:16;utf-8;,;13;9945;NAO — nenhum arquivo SmartLab presente (etapa excluída por decisão metodológica);;05f117e295b9e74e12abc5c877f985f2be9f212885e4e075ac4218eaaa2f4223
sidra-campos/producao_agricola_lavoura_temporaria.csv;producao_agricola_lavoura_temporaria.csv;.csv;1060359;2026-07-18T10:52:16;utf-8;,;13;8670;NAO — nenhum arquivo SmartLab presente (etapa excluída por decisão metodológica);;f3fdb6e6112e97d0174402dbe4e0b5e7d9b19b2e543cb7506168d18de3f53dc2
sidra-campos/producao_origem_animal.csv;producao_origem_animal.csv;.csv;86993;2026-07-18T10:52:16;utf-8;,;13;714;NAO — nenhum arquivo SmartLab presente (etapa excluída por decisão metodológica);;cac2f50d943583ca8377e481f47d1c8d8c891d08623f3dbb33ee8845194ff728
sim/DORJ2023.dbc;DORJ2023.dbc;.dbc;11382859;2026-07-18T20:11:08;;;;;NAO — nenhum arquivo SmartLab presente (etapa excluída por decisão metodológica);;c988dd824c5c1be7cb7d6266fb828c289a4806b069feaed1c84133069fa20d07
sim/DORJ2023.dbf;DORJ2023.dbf;.dbf;2818;2026-07-18T20:19:32;;;;;NAO — nenhum arquivo SmartLab presente (etapa excluída por decisão metodológica);;5f4d123a1b10b49432351e0fced21d3c5f9610a3f70f3747a1e808476d0c6bb7
sim/DORJ2023_v2.dbf;DORJ2023_v2.dbf;.dbf;2818;2026-07-18T20:18:43;;;;;NAO — nenhum arquivo SmartLab presente (etapa excluída por decisão metodológica);;52854181c7dd817b537bd7478784483cb115e6eb8aa9d251498dc06dad480ee3
sim/SIM_Campos_2019.csv;SIM_Campos_2019.csv;.csv;1857625;2026-07-18T20:30:54;utf-8;,;87;4299;NAO — nenhum arquivo SmartLab presente (etapa excluída por decisão metodológica);;8d3b8045329c3b7d13b5b31542a78a58e16d66a14339829b6103d102e897caa6
sim/SIM_Campos_2020.csv;SIM_Campos_2020.csv;.csv;2084332;2026-07-18T20:31:04;utf-8;,;87;4831;NAO — nenhum arquivo SmartLab presente (etapa excluída por decisão metodológica);;76c4419da1504716081521c8e663365c36cdb3abd3c615165aacf61e7045b845
sim/SIM_Campos_2021.csv;SIM_Campos_2021.csv;.csv;2457292;2026-07-18T20:31:12;utf-8;,;87;5635;NAO — nenhum arquivo SmartLab presente (etapa excluída por decisão metodológica);;b2b9892322c7ed342545889c10e0c2cd2cf83204c5dfdac0389ec833db1d7166
sim/SIM_Campos_2022.csv;SIM_Campos_2022.csv;.csv;1988794;2026-07-18T20:31:19;utf-8;,;87;4608;NAO — nenhum arquivo SmartLab presente (etapa excluída por decisão metodológica);;47a83a0842a604483b2d43026ef07952258871a6a6e7e0dae7c6128fee96bead
sim/SIM_Campos_2023.csv;SIM_Campos_2023.csv;.csv;1810840;2026-07-18T20:31:26;utf-8;,;87;4199;NAO — nenhum arquivo SmartLab presente (etapa excluída por decisão metodológica);;f9add46c2cc74adea458876ca7029febdb7a382943ac2e57345e37ba27c70451
sim/SIM_Campos_2024.csv;SIM_Campos_2024.csv;.csv;1870051;2026-07-18T20:31:32;utf-8;,;87;4346;NAO — nenhum arquivo SmartLab presente (etapa excluída por decisão metodológica);;54a91249ccfcafa8cfd57b9b283dc0f71cee5fc5cb08ac5766298353aa4b31e6
sim/SIM_Campos_mortalidade.csv;SIM_Campos_mortalidade.csv;.csv;42;2026-07-18T20:24:11;latin-1;";";1;0;NAO — nenhum arquivo SmartLab presente (etapa excluída por decisão metodológica);;21a57d2939ec7a2df472c4cfaae78a776062ea3abb2ff87fd7dec76490839c9d
referencias/CBO2002_Ocupacao_cartaproale.csv;CBO2002_Ocupacao_cartaproale.csv;.csv;109417;2026-07-18T11:35:01;latin-1;";";2;2719;NAO — nenhum arquivo SmartLab presente (etapa excluída por decisão metodológica);;a374b4061c8986b29ec7677fbdb33175917108d27984a60e700f40539c4d32ca
referencias/dicionario-cat-dados-abertos-10-02-2021.xlsx;dicionario-cat-dados-abertos-10-02-2021.xlsx;.xlsx;10405;2026-07-18T10:51:47;;;;;NAO — nenhum arquivo SmartLab presente (etapa excluída por decisão metodológica);;5405d1af10d3e764a08bc8a319f836348dca346bc14eddf380e6235fdba26b84
referencias/fonte_cbo.txt;fonte_cbo.txt;.txt;583;2026-07-18T13:36:18;;;;;NAO — nenhum arquivo SmartLab presente (etapa excluída por decisão metodológica);;10a27bd97ff2283674fd7b15ad3139ae72ecfe9040a0464f8b8dd78a1c098725
referencias/tabela_referencias_abnt.xlsx;tabela_referencias_abnt.xlsx;.xlsx;6570;2026-07-18T13:36:18;;;;;NAO — nenhum arquivo SmartLab presente (etapa excluída por decisão metodológica);;efe0bbdd5b62aa4795eedfd15ed9c8aea22320551c8ff3a73ff4782be3a889de
referencias/tabela_referencias_abnt_atualizada.csv;tabela_referencias_abnt_atualizada.csv;.csv;2221;2026-07-18T13:36:10;utf-8-sig;";";5;12;NAO — nenhum arquivo SmartLab presente (etapa excluída por decisão metodológica);;ed096c7ef71fc12dfe17926d7524013b14356ffe6a8ea1065b13e8080b79af8d
